[
  {
    "content": "<@722783683773464648>",
    "channelId": "1253464120179687544",
    "timestamp": 1747149457486,
    "deletedBy": "1140632236509642882",
    "isDM": false
  },
  {
    "content": "BRO WHO NICKED ME",
    "channelId": "1357301661600845935",
    "timestamp": 1747149104938,
    "deletedBy": "1322505493557547009",
    "isDM": false
  },
  {
    "content": "<@1267425093181636722>",
    "channelId": "1253464120179687544",
    "timestamp": 1747149463323,
    "deletedBy": "1140632236509642882",
    "isDM": false
  },
  {
    "content": "",
    "channelId": "1371867795033161758",
    "timestamp": 1747149443421,
    "deletedBy": "706874685144432641",
    "isDM": false
  },
  {
    "content": "my friend gave me",
    "channelId": "1357301661600845935",
    "timestamp": 1747149086315,
    "deletedBy": "1322505493557547009",
    "isDM": false
  },
  {
    "content": "<@913302465519181825>",
    "channelId": "1339196690896261151",
    "timestamp": 1747149458930,
    "deletedBy": "766993346454749214",
    "isDM": false
  },
  {
    "content": ".copyuser off <@1272780303101853779>",
    "channelId": "1370821571794440212",
    "timestamp": 1747149474478,
    "deletedBy": "833347311895183371",
    "isDM": false
  },
  {
    "content": "> - **Stopped copying** ryomensukunaxyz#0",
    "channelId": "1370821571794440212",
    "timestamp": 1747149475545,
    "deletedBy": "833347311895183371",
    "isDM": false
  },
  {
    "content": "",
    "channelId": "1371867795033161758",
    "timestamp": 1747149479905,
    "deletedBy": "1365006276215439480",
    "isDM": false
  },
  {
    "content": "$delete",
    "channelId": "1371868205827751999",
    "timestamp": 1747149493170,
    "deletedBy": "1114215154490560572",
    "isDM": false
  },
  {
    "content": "",
    "channelId": "1371867795033161758",
    "timestamp": 1747149479223,
    "deletedBy": "706874685144432641",
    "isDM": false
  },
  {
    "content": "$delete",
    "channelId": "1371862338713419896",
    "timestamp": 1747149499996,
    "deletedBy": "1041455302719053824",
    "isDM": false
  },
  {
    "content": "<@913302465519181825>",
    "channelId": "1339196690896261151",
    "timestamp": 1747149496231,
    "deletedBy": "766993346454749214",
    "isDM": false
  },
  {
    "content": "<@1311609900421484581>",
    "channelId": "1253464120179687544",
    "timestamp": 1747149502967,
    "deletedBy": "1140632236509642882",
    "isDM": false
  },
  {
    "content": "i didnt understood the logic, but i feel that \"// Flip right\nsetTimeout(function(){\n    flip=1;\n}, 1000);\n// Flip left\nsetTimeout(function(){\n    flip=-1;\n}, 2000);\" is wrong",
    "channelId": "985697696830619678",
    "timestamp": 1747149502272,
    "deletedBy": "518007825746755587",
    "isDM": false
  },
  {
    "content": "<@913302465519181825>",
    "channelId": "1339196690896261151",
    "timestamp": 1747149493685,
    "deletedBy": "766993346454749214",
    "isDM": false
  },
  {
    "content": "",
    "channelId": "1371867795033161758",
    "timestamp": 1747149491669,
    "deletedBy": "1365006276215439480",
    "isDM": false
  },
  {
    "content": "https://tenor.com/view/sonic-3-shadow-shadow-edit-sonic-3-shadow-shadow-the-hedgehog-gif-16867219632160794067",
    "channelId": "1339200364305580073",
    "timestamp": 1747149502845,
    "deletedBy": "519287796549156864",
    "isDM": false
  },
  {
    "content": "<@1358208621368049737>",
    "channelId": "1253464120179687544",
    "timestamp": 1747149510227,
    "deletedBy": "1140632236509642882",
    "isDM": false
  },
  {
    "content": "<@913302465519181825>",
    "channelId": "1339196690896261151",
    "timestamp": 1747149495008,
    "deletedBy": "766993346454749214",
    "isDM": false
  },
  {
    "content": "<@1243306935282045072>",
    "channelId": "427069953078853633",
    "timestamp": 1747149501784,
    "deletedBy": "1041131614614327389",
    "isDM": false
  },
  {
    "content": "",
    "channelId": "1371867795033161758",
    "timestamp": 1747149492265,
    "deletedBy": "706874685144432641",
    "isDM": false
  },
  {
    "content": "",
    "channelId": "1371867585179553894",
    "timestamp": 1747149510687,
    "deletedBy": "1365006276215439480",
    "isDM": false
  },
  {
    "content": "",
    "channelId": "1371867585179553894",
    "timestamp": 1747149510680,
    "deletedBy": "706874685144432641",
    "isDM": false
  },
  {
    "content": "",
    "channelId": "1346817892074786919",
    "timestamp": 1747149511610,
    "deletedBy": "336937425777721345",
    "isDM": false
  },
  {
    "content": "<@1367142099396464652>",
    "channelId": "1253464120179687544",
    "timestamp": 1747149517014,
    "deletedBy": "1140632236509642882",
    "isDM": false
  },
  {
    "content": "",
    "channelId": "1371861528978133062",
    "timestamp": 1747149503157,
    "deletedBy": "1365006276215439480",
    "isDM": false
  },
  {
    "content": "",
    "channelId": "1369036902891782275",
    "timestamp": 1747149508902,
    "deletedBy": "1365006276215439480",
    "isDM": false
  },
  {
    "content": "",
    "channelId": "1371867585179553894",
    "timestamp": 1747149504122,
    "deletedBy": "1365006276215439480",
    "isDM": false
  },
  {
    "content": "",
    "channelId": "1371861528978133062",
    "timestamp": 1747149503336,
    "deletedBy": "706874685144432641",
    "isDM": false
  },
  {
    "content": "",
    "channelId": "1369036902891782275",
    "timestamp": 1747149509213,
    "deletedBy": "706874685144432641",
    "isDM": false
  },
  {
    "content": "",
    "channelId": "1371867585179553894",
    "timestamp": 1747149504191,
    "deletedBy": "706874685144432641",
    "isDM": false
  },
  {
    "content": "# <:trophy_potion:1294974461237268490> BIGGEST PARTY FFA EVENT YET\n\nHey everyone,\n In 5 minutes I'll be hosting tons of party ffas, teams etc.\n\n**HOW TO JOIN?**\nJoin the server and go to the __Practice Realm__ and use the command `/party join idenpop` to be added to the public party.\n\n**REWARDS?**\nThe top winner of every gamemode will receive **5,000,000** or **HUNTER RANK** on the _Lifesteal Realm__\n\n## KEYALL ON LIFESTEAL <a:heart_eyes_gif:1371455820457316444> \n- If the event goes according to plan we'll be hosting a keyall on the Lifesteal realm as well as some other mini events with **NO REWARDS**\n\n> ﻿<a:Mc_earth:1368669170169806879>﻿  **JAVA IP**: __swordpvp.fun__\n> ﻿<:BEDROCK:1089296612402143384>﻿ **BEDROCK PORT**: `25565`\n> ﻿<:ShoppingCart:1302340484290842635>﻿  ﻿**STORE**: ⁠ <#1363107502358528160>",
    "channelId": "1356995914581016739",
    "timestamp": 1747149514422,
    "deletedBy": "1280281715188830218",
    "isDM": false
  }
]